{"analyzer":{"sha256":"a05108e13ac041867b64e62ea4417a805dc8d8e095ffaa5460b2f2f96a5a7d6a"},"artifact":{"ciphertexts":22,"label_use":"unlabeled_descriptive_only","layers_per_ciphertext":2,"sha256":"5da7f82724838bf7a8c4fe95fbf6d573b621c04c9b2f7ae849545cf60223fbab"},"claims":{"plaintext_leakage":false,"scope":"public_incidence_diagnostics_only"},"fixtures":{"holonomy_negative":{"closure_gap":0.036316363,"detected":true,"preferred":"cylinder"},"holonomy_positive":{"closure_gap":0.058500439,"detected":true,"preferred":"mobius"},"inversion_positive":{"exact":true,"max_error":0,"planted_degree":3,"planted_support":[7],"recovered_support":[7]}},"geometry":{"artifact_summary":{"circulation":0.077993399,"closure_gap":0.00235296,"harmonic":0.010077144,"holonomy":0.00235296,"preferred_closure":"cylinder"},"controls":{"layer_gauge":{"circulation":0.077993399,"closure_gap":0.00235296,"harmonic":0.010077144,"holonomy":0.00235296,"preferred_closure":"cylinder"},"layer_reversal":{"circulation":0.077993399,"closure_gap":0.00235296,"harmonic":0.010077144,"holonomy":0.00235296,"preferred_closure":"cylinder"},"random_columns":{"circulation":0.081650905,"closure_gap":0.002920801,"harmonic":0.012202188,"holonomy":0.002920801,"preferred_closure":"cylinder"}},"orientability":{"artifact_inferred":false,"models":{"cylinder":true,"mobius":false},"status":"analyst_imposed_hypothetical_complex"},"shape":[22,2],"topology_status":"analyst_imposed_hypothetical_unlabeled"},"inference":{"family_max_p":{"circulation":0.93,"closure_gap":1.0,"harmonic":1.0,"holonomy":1.0},"permutation_seed":20260711,"permutations":999},"schema":1,"subset_lattice":{"coefficients_degree_le_4":[[1,-917],[2,-897],[4,-940],[8,-943],[16,-912],[32,-918],[64,-1252],[128,-1456],[256,-893],[512,-916],[1024,-900],[2048,-903],[3,442],[5,464],[9,476],[17,437],[33,458],[65,625],[129,730],[257,450],[513,466],[1025,454],[2049,465],[6,471],[10,463],[18,445],[34,445],[66,619],[130,725],[258,431],[514,438],[1026,437],[2050,445],[12,469],[20,480],[36,465],[68,646],[132,739],[260,463],[516,464],[1028,457],[2052,434],[24,463],[40,481],[72,642],[136,754],[264,466],[520,477],[1032,478],[2056,469],[48,466],[80,625],[144,717],[272,452],[528,460],[1040,441],[2064,458],[96,636],[160,736],[288,454],[544,462],[1056,453],[2080,446],[192,996],[320,620],[576,627],[1088,627],[2112,624],[384,709],[640,723],[1152,702],[2176,711],[768,442],[1280,441],[2304,427],[1536,459],[2560,431],[3072,445],[7,-226],[11,-239],[19,-207],[35,-219],[67,-303],[131,-357],[259,-205],[515,-225],[1027,-212],[2051,-220],[13,-236],[21,-226],[37,-229],[69,-322],[133,-371],[261,-230],[517,-239],[1029,-235],[2053,-222],[25,-234],[41,-235],[73,-327],[137,-384],[265,-230],[521,-235],[1033,-247],[2057,-251],[49,-224],[81,-291],[145,-348],[273,-224],[529,-224],[1041,-215],[2065,-237],[97,-314],[161,-372],[289,-225],[545,-237],[1057,-232],[2081,-219],[193,-499],[321,-313],[577,-320],[1089,-316],[2113,-320],[385,-360],[641,-364],[1153,-354],[2177,-365],[769,-231],[1281,-221],[2305,-214],[1537,-234],[2561,-226],[3073,-238],[14,-236],[22,-239],[38,-234],[70,-337],[134,-369],[262,-231],[518,-231],[1030,-234],[2054,-219],[26,-223],[42,-231],[74,-308],[138,-379],[266,-229],[522,-241],[1034,-236],[2058,-226],[50,-223],[82,-311],[146,-352],[274,-228],[530,-224],[1042,-213],[2066,-224],[98,-304],[162,-360],[290,-218],[546,-220],[1058,-213],[2082,-219],[194,-499],[322,-295],[578,-304],[1090,-312],[2114,-306],[386,-348],[642,-345],[1154,-349],[2178,-360],[770,-203],[1282,-198],[2306,-205],[1538,-216],[2562,-209],[3074,-223],[28,-226],[44,-236],[76,-318],[140,-364],[268,-238],[524,-235],[1036,-242],[2060,-213],[52,-240],[84,-331],[148,-364],[276,-235],[532,-237],[1044,-240],[2068,-231],[100,-328],[164,-369],[292,-235],[548,-235],[1060,-225],[2084,-216],[196,-517],[324,-331],[580,-314],[1092,-310],[2116,-298],[388,-364],[644,-362],[1156,-347],[2180,-340],[772,-221],[1284,-220],[2308,-206],[1540,-230],[2564,-201],[3076,-205],[56,-244],[88,-315],[152,-364],[280,-228],[536,-247],[1048,-227],[2072,-239],[104,-331],[168,-376],[296,-239],[552,-244],[1064,-242],[2088,-243],[200,-513],[328,-326],[584,-326],[1096,-331],[2120,-318],[392,-370],[648,-377],[1160,-371],[2184,-374],[776,-246],[1288,-243],[2312,-228],[1544,-239],[2568,-227],[3080,-235],[112,-318],[176,-373],[304,-233],[560,-231],[1072,-223],[2096,-228],[208,-484],[336,-319],[592,-308],[1104,-309],[2128,-314],[400,-355],[656,-356],[1168,-342],[2192,-363],[784,-218],[1296,-217],[2320,-234],[1552,-236],[2576,-214],[3088,-222],[224,-493],[352,-329],[608,-323],[1120,-316],[2144,-315],[416,-367],[672,-371],[1184,-357],[2208,-358],[800,-230],[1312,-227],[2336,-214],[1568,-227],[2592,-207],[3104,-225],[448,-486],[704,-493],[1216,-493],[2240,-494],[832,-309],[1344,-308],[2368,-302],[1600,-317],[2624,-296],[3136,-310],[896,-352],[1408,-347],[2432,-329],[1664,-354],[2688,-332],[3200,-342],[1792,-218],[2816,-195],[3328,-219],[3584,-224],[15,119],[23,102],[39,113],[71,159],[135,175],[263,106],[519,117],[1031,116],[2055,105],[27,111],[43,116],[75,163],[139,196],[267,112],[523,123],[1035,118],[2059,117],[51,102],[83,138],[147,167],[275,101],[531,108],[1043,105],[2067,112],[99,147],[163,179],[291,104],[547,117],[1059,107],[2083,106],[195,246],[323,140],[579,160],[1091,153],[2115,150],[387,167],[643,174],[1155,167],[2179,178],[771,106],[1283,92],[2307,95],[1539,105],[2563,106],[3075,110],[29,116],[45,116],[77,161],[141,191],[269,118],[525,120],[1037,130],[2061,118],[53,114],[85,153],[149,173],[277,118],[533,120],[1045,121],[2069,119],[101,161],[165,187],[293,114],[549,124],[1061,117],[2085,106],[197,261],[325,165],[581,163],[1093,160],[2117,149],[389,183],[645,187],[1157,182],[2181,177],[773,121],[1285,110],[2309,103],[1541,122],[2565,111],[3077,115],[57,124],[89,157],[153,188],[281,115],[537,125],[1049,122],[2073,133],[105,162],[169,187],[297,118],[553,117],[1065,129],[2089,120],[201,264],[329,164],[585,168],[1097,171],[2121,174],[393,182],[649,182],[1161,190],[2185,203],[777,121],[1289,125],[2313,114],[1545,120],[2569,121],[3081,139],[113,153],[177,185],[305,117],[561,112],[1073,114],[2097,112],[209,229],[337,153],[593,144],[1105,150],[2129,158],[401,182],[657,172],[1169,166],[2193,190],[785,113],[1297,107],[2321,121],[1553,119],[2577,113],[3089,121],[225,248],[353,161],[609,168],[1121,159],[2145,156],[417,184],[673,190],[1185,181],[2209,178],[801,120],[1313,114],[2337,101],[1569,123],[2593,103],[3105,118],[449,252],[705,254],[1217,251],[2241,251],[833,165],[1345,155],[2369,155],[1601,158],[2625,155],[3137,169],[897,183],[1409,175],[2433,169],[1665,176],[2689,171],[3201,181],[1793,113],[2817,100],[3329,111],[3585,115],[30,115],[46,119],[78,168],[142,187],[270,120],[526,126],[1038,124],[2062,105],[54,115],[86,174],[150,179],[278,125],[534,124],[1046,122],[2070,112],[102,168],[166,183],[294,118],[550,122],[1062,116],[2086,109],[198,269],[326,173],[582,166],[1094,170],[2118,155],[390,184],[646,173],[1158,179],[2182,170],[774,111],[1286,111],[2310,106],[1542,116],[2566,101],[3078,106],[58,119],[90,151],[154,179],[282,116],[538,126],[1050,107],[2074,114],[106,151],[170,188],[298,114],[554,123],[1066,116],[2090,114],[202,251],[330,154],[586,160],[1098,162],[2122,147],[394,186],[650,188],[1162,189],[2186,187],[778,121],[1290,109],[2314,109],[1546,118],[2570,116],[3082,117],[114,151],[178,180],[306,114],[562,109],[1074,105],[2098,111],[210,241],[338,160],[594,151],[1106,159],[2130,154],[402,184],[658,172],[1170,165],[2194,182],[786,109],[1298,104],[2322,117],[1554,116],[2578,105],[3090,112],[226,239],[354,152],[610,154],[1122,151],[2146,151],[418,176],[674,172],[1186,169],[2210,180],[802,105],[1314,97],[2338,102],[1570,103],[2594,102],[3106,111],[450,233],[706,234],[1218,251],[2242,249],[834,143],[1346,136],[2370,142],[1602,155],[2626,142],[3138,160],[898,162],[1410,161],[2434,160],[1666,169],[2690,165],[3202,179],[1794,90],[2818,90],[3330,105],[3586,115],[60,119],[92,155],[156,170],[284,109],[540,121],[1052,120],[2076,114],[108,164],[172,179],[300,122],